{
  "version": 1,
  "author": "Uri Shaked",
  "editor": "wokwi",
  "parts": [
    { "type": "wokwi-arduino-uno", "id": "uno", "top": 259.31, "left": 31.06, "attrs": {} },
    {
      "type": "wokwi-hc-sr04",
      "id": "ultrasonic",
      "top": 87.9,
      "left": 111.1,
      "attrs": { "distance": "73" }
    }
  ],
  "connections": [
    [ "uno:GND.1", "ultrasonic:GND", "black", [ "v-8", "*", "v8" ] ],
    [ "uno:8", "ultrasonic:ECHO", "green", [] ],
    [ "uno:7", "ultrasonic:TRIG", "purple", [ "*", "v4" ] ],
    [ "uno:5V", "ultrasonic:VCC", "red", [ "v16", "h-96", "*", "v12" ] ]
  ],
  "dependencies": {}
}